epoch,accuracy,auc,learning_rate,loss,precision,recall,val_accuracy,val_auc,val_loss,val_precision,val_recall
0,0.7934946417808533,0.9494291543960571,0.0010000000474974513,1.3565101623535156,0.8074706792831421,0.7877722978591919,0.885269284248352,0.969210147857666,0.9070174098014832,0.8874809741973877,0.8846994042396545
1,0.8383863568305969,0.9414540529251099,0.0010000000474974513,2.132960557937622,0.8396854400634766,0.8379011750221252,0.8846044540405273,0.9544141292572021,2.0349161624908447,0.8851820230484009,0.8845094442367554
2,0.8501991033554077,0.936394214630127,0.0010000000474974513,3.5550377368927,0.8506203293800354,0.8500652313232422,0.9134770631790161,0.9638819098472595,2.28581166267395,0.9134688377380371,0.9133821129798889
3,0.8610079288482666,0.936701774597168,0.0010000000474974513,5.2430806159973145,0.8610920310020447,0.8609911799430847,0.8845094442367554,0.9464107751846313,4.993199825286865,0.8845094442367554,0.8845094442367554
4,0.8922296762466431,0.9512876272201538,0.0005000000237487257,4.14219331741333,0.8923174738883972,0.892212986946106,0.9267736673355103,0.9678527116775513,2.317535161972046,0.9268617033958435,0.9267736673355103
5,0.8955928087234497,0.9525448083877563,0.0005000000237487257,4.055771350860596,0.8956290483474731,0.8955091238021851,0.9434894323348999,0.9756163358688354,2.027971029281616,0.9434894323348999,0.9434894323348999
6,0.8969480991363525,0.9527692794799805,0.0005000000237487257,3.9942004680633545,0.8970497250556946,0.8969146609306335,0.9270585775375366,0.9677004814147949,2.845033884048462,0.9270585775375366,0.9270585775375366
7,0.9109861850738525,0.9602071642875671,0.0002500000118743628,3.2717485427856445,0.9110761284828186,0.9109694361686707,0.9516573548316956,0.9792279005050659,1.5299699306488037,0.9518335461616516,0.9515623450279236
