{
  "phase1": {
    "accuracy": [
      0.7934946417808533,
      0.8383863568305969,
      0.8501991033554077,
      0.8610079288482666,
      0.8922296762466431,
      0.8955928087234497,
      0.8969480991363525,
      0.9109861850738525
    ],
    "auc": [
      0.9494291543960571,
      0.9414540529251099,
      0.936394214630127,
      0.936701774597168,
      0.9512876272201538,
      0.9525448083877563,
      0.9527692794799805,
      0.9602071642875671
    ],
    "loss": [
      1.3565101623535156,
      2.132960557937622,
      3.5550377368927,
      5.2430806159973145,
      4.14219331741333,
      4.055771350860596,
      3.9942004680633545,
      3.2717485427856445
    ],
    "precision": [
      0.8074706792831421,
      0.8396854400634766,
      0.8506203293800354,
      0.8610920310020447,
      0.8923174738883972,
      0.8956290483474731,
      0.8970497250556946,
      0.9110761284828186
    ],
    "recall": [
      0.7877722978591919,
      0.8379011750221252,
      0.8500652313232422,
      0.8609911799430847,
      0.892212986946106,
      0.8955091238021851,
      0.8969146609306335,
      0.9109694361686707
    ],
    "val_accuracy": [
      0.885269284248352,
      0.8846044540405273,
      0.9134770631790161,
      0.8845094442367554,
      0.9267736673355103,
      0.9434894323348999,
      0.9270585775375366,
      0.9516573548316956
    ],
    "val_auc": [
      0.969210147857666,
      0.9544141292572021,
      0.9638819098472595,
      0.9464107751846313,
      0.9678527116775513,
      0.9756163358688354,
      0.9677004814147949,
      0.9792279005050659
    ],
    "val_loss": [
      0.9070174098014832,
      2.0349161624908447,
      2.28581166267395,
      4.993199825286865,
      2.317535161972046,
      2.027971029281616,
      2.845033884048462,
      1.5299699306488037
    ],
    "val_precision": [
      0.8874809741973877,
      0.8851820230484009,
      0.9134688377380371,
      0.8845094442367554,
      0.9268617033958435,
      0.9434894323348999,
      0.9270585775375366,
      0.9518335461616516
    ],
    "val_recall": [
      0.8846994042396545,
      0.8845094442367554,
      0.9133821129798889,
      0.8845094442367554,
      0.9267736673355103,
      0.9434894323348999,
      0.9270585775375366,
      0.9515623450279236
    ],
    "learning_rate": [
      0.0010000000474974513,
      0.0010000000474974513,
      0.0010000000474974513,
      0.0010000000474974513,
      0.0005000000237487257,
      0.0005000000237487257,
      0.0005000000237487257,
      0.0002500000118743628
    ]
  },
  "phase2": {
    "accuracy": [
      0.8125020861625671,
      0.8663955926895142,
      0.8886323571205139,
      0.9013151526451111,
      0.9071713089942932,
      0.91508549451828,
      0.9192015528678894,
      0.9244720935821533,
      0.9283874034881592,
      0.932068407535553
    ],
    "auc": [
      0.9455288052558899,
      0.9645854234695435,
      0.9711436629295349,
      0.9743327498435974,
      0.9762696027755737,
      0.9783953428268433,
      0.9798254370689392,
      0.980410099029541,
      0.9817215800285339,
      0.9829367399215698
    ],
    "loss": [
      1.5382014513015747,
      0.988665759563446,
      0.8158523440361023,
      0.7178773283958435,
      0.6698799729347229,
      0.6110267639160156,
      0.5751826763153076,
      0.5463508367538452,
      0.5259104371070862,
      0.4890495240688324
    ],
    "precision": [
      0.8162210583686829,
      0.8685501217842102,
      0.8908965587615967,
      0.9027842879295349,
      0.9086853861808777,
      0.9164584875106812,
      0.9204010367393494,
      0.9255082011222839,
      0.9292991757392883,
      0.933127760887146
    ],
    "recall": [
      0.8111133575439453,
      0.8652076721191406,
      0.887661874294281,
      0.9005789160728455,
      0.9066024422645569,
      0.9146337509155273,
      0.9185991883277893,
      0.9240370988845825,
      0.927868664264679,
      0.9315664172172546
    ],
    "val_accuracy": [
      0.9141418933868408,
      0.9304777383804321,
      0.9401652812957764,
      0.945483922958374,
      0.9519422650337219,
      0.955741286277771,
      0.9587805271148682,
      0.9626744985580444,
      0.9640991687774658,
      0.9661886096000671
    ],
    "val_auc": [
      0.978367030620575,
      0.9835301637649536,
      0.9856646060943604,
      0.9868048429489136,
      0.9892482757568359,
      0.9899241924285889,
      0.9906699657440186,
      0.991642951965332,
      0.991449236869812,
      0.9918497800827026
    ],
    "val_loss": [
      0.6306565999984741,
      0.5020579099655151,
      0.4325679838657379,
      0.3938034474849701,
      0.33879509568214417,
      0.31448525190353394,
      0.2987687885761261,
      0.27468976378440857,
      0.273974746465683,
      0.2482350915670395
    ],
    "val_precision": [
      0.9157463908195496,
      0.9312607049942017,
      0.9408407807350159,
      0.946182370185852,
      0.9525439739227295,
      0.9559969305992126,
      0.9594106674194336,
      0.9629347920417786,
      0.964367151260376,
      0.9668250679969788
    ],
    "val_recall": [
      0.9135720133781433,
      0.930287778377533,
      0.9395004510879517,
      0.9451040029525757,
      0.9512774348258972,
      0.9553613662719727,
      0.958590567111969,
      0.9622946381568909,
      0.9639092087745667,
      0.965998649597168
    ],
    "learning_rate": [
      9.999999747378752e-06,
      9.999999747378752e-06,
      9.999999747378752e-06,
      9.999999747378752e-06,
      9.999999747378752e-06,
      9.999999747378752e-06,
      9.999999747378752e-06,
      9.999999747378752e-06,
      9.999999747378752e-06,
      9.999999747378752e-06
    ]
  }
}